id_producto,nombre,descripcion,precio
7801130794486,LÁMPARA DE CIELO 3 LUCES PYTON EGLO,"Lámpara de Techo 3 luces Pyton Eglo

Eglo, reconocida empresa Austriaca con más de 70 sucursales alrededor del mundo, llega a Paris.cl con estas increíbles y sofisticadas lámparas que le darán una nueva personalidad a tu hogar. De líneas simples y minimalistas especiales para decorar cualquier espacio de tu casa, estas lámparas están hechas bajo los más altos estándares de calidad y además cuentan con 1 año de garantía.

Características destacadas

Marca: Eglo.
Modelo: Pyton.
Material: Acero, cristal transparente.
Diseño: Transparente.
Dimensiones
Altura: 110 cm.
Largo: 51,5 cm.
Ancho: 7,5 cm.
Número de ampolletas: 3x33W G9.",162000
7801305809069,BASEMENT HOME LÁMPARA ARTICULADA SOBREMESA,"Lámpara Sobremesa
Modelo: Lámpara Articulada Sobremesa
Marca: Diseño 3
Alto: 56 cm
Ancho: 20 cm
Profundidad: 54 cm
Material: Cromo-Eco cuero
Color: Cromo
Estilo: Moderno",91000
7801357246126,LÁMPARA DE CIELO PINTO NERO EGLO,"Lámpara de Cielo Pinto Nero Eglo

Eglo, reconocida empresa Austriaca con más de 70 sucursales alrededor del mundo, llega a Paris.cl con estas increíbles y sofisticadas lámparas que le darán una nueva personalidad a tu hogar. De líneas simples y minimalistas especiales para decorar cualquier espacio de tu casa, estas lámparas están hechas bajo los más altos estándares de calidad y además cuentan con 1 año de garantía.

Características destacadas

Marca: Eglo.
Modelo: Pinto Nero.
Material: Acero, cristal negro transparente.
Diseño: Niquel mate.
Dimensiones
Altura: 110 cm.
Diámetro: 11 cm.
Número de ampolletas: 1x60W E27.",64000
7801470268777,LÁMPARA DE CIELO LORD EGLO,"Lámpara de Cielo Lord Eglo

Eglo, reconocida empresa Austriaca con más de 70 sucursales alrededor del mundo, llega a Paris.cl con estas increíbles y sofisticadas lámparas que le darán una nueva personalidad a tu hogar. De líneas simples y minimalistas especiales para decorar cualquier espacio de tu casa, estas lámparas están hechas bajo los más altos estándares de calidad y además cuentan con 1 año de garantía.

Características destacadas

Marca: Eglo.
Modelo: Lord.
Material: Plástico, cristal albastro.
Diseño: Niquel mate.
Dimensiones
Altura: 110 cm.
Diámetro: 36 cm.
Número de ampolletas: 1x100W E27.",23229
7801566649404,BASEMENT HOME LÁMPARA DE PIE TRIPODE NEGRO,"Lámpara de Pie
Modelo: Tripode
Marca: Basement Home
Alto: 176 cm
Ancho: 60 cm
Profundidad: 60 cm
Material: Acero Pintado
Color: Negro
Estilo: Moderno",78347
7801585511645,LÁMPARA DE MESA TANGA EGLO,"Lámpara Sobremesa Tanga Eglo

Eglo, reconocida empresa Austriaca con más de 70 sucursales alrededor del mundo, llega a Paris.cl con estas increíbles y sofisticadas lámparas que le darán una nueva personalidad a tu hogar. De líneas simples y minimalistas especiales para decorar cualquier espacio de tu casa, estas lámparas están hechas bajo los más altos estándares de calidad y además cuentan con 1 año de garantía.

Características destacadas

Marca: Eglo.
Modelo: Tanga.
Material: Acero, cristal transparente satinado.
Diseño: Cromado.
Dimensiones
Altura: 43 cm.
Ancho base: 6 cm.
Número de ampolletas: 1x40W G9.",67094
7801697430469,MICA LAMPARA 3 LUCES LÁGRIMAS GRIS,"Lámpara de Colgar
Marca: Mica
Modelo: Lágrimas
Color: Gris
Ancho: 45 cm
Alto: 55 cm",74708
7801888869528,LÁMPARA DE CIELO REED AMARILLO KOZIOL,"Lámpara de Cielo Reed Amarillo Koziol

Lo mejor en iluminación Alemana ha llegado a Paris, con estas hermosas lámparas, especiales para darle un diseño único a tu hoga, darle claridad a tus ambientes. ¡Aprovecha esta oportunidad y decora con lo exclusivo que trae Deco hogar Paris!

Características

Modelo: Reed P O. TR.
Altura: 27 cm+ largo cable máx 150 cm
Diámetro: 44 cm
Material de fabricación: Plástico inyectado, libre de BPA y Melamina.
Número y tipo de ampolletas que usa: E27 máx 60Watts (equivalente a 100Watts en ahorro energía)
Garantía válida sólo por defectos en los materiales de fabricación
Origen 100% Alemana

*En caso de dudas con respecto a la instalación o consultas técnicas, llamar al (56+2) 2206 4552 o escriba a info@luzco.cl",59383
7802005131603,BASEMENT HOME LÁMPARA SOBREMESA ARTICULADA CROMO,"Lámpara Sobremesa
Modelo: Articulada Cromo
Marca: Basement Home
Alto: 50 cm
Ancho: 20 cm
Profundidad: 20 cm
Material: Acero Cromado
Color: Cromo
Estilo: Moderno",51575
7802047351151,LÁMPARA DE CIELO PINTO EGLO,"Lámpara de Cielo Pinto Eglo

Eglo, reconocida empresa Austriaca con más de 70 sucursales alrededor del mundo, llega a Paris.cl con estas increíbles y sofisticadas lámparas que le darán una nueva personalidad a tu hogar. De líneas simples y minimalistas especiales para decorar cualquier espacio de tu casa, estas lámparas están hechas bajo los más altos estándares de calidad y además cuentan con 1 año de garantía.

Características destacadas

Marca: Eglo.
Modelo: Pinto.
Material: Acero, cristal transparente blanco.
Diseño: Cromado.
Dimensiones
Altura: 110 cm.
Diámetro: 11 cm.
Número de ampolletas: 1x60W E27.",63779
7802147246937,LAMPARA INFANTIL SMOBY,"Lámpara infantil

<h2>NIGHT LIGHT</h2><p>Ideal para la habitación de tu bebé es este espantacuco con diseño de luna e iluminación calmante que acompañará el sueño de tu hijo para que su descanso sea plácido. Son colores surtidos no a elección.",9938
7802234957111,LÁMPARA DE MESA ORION ROJO KOZIOL,"Lámpara de Mesa Orion Rojo Koziol

Lo mejor en iluminación Alemana ha llegado a Paris, con estas hermosas lámparas, especiales para darle un diseño único a tu hogar. ¡Aprovecha estas lámparas y decora con lo mejor en decoración!

Características

Modelo: Orion T HI/HI.TR
Color: Rojo Frambuesa Transparente
Altura Total :33 cm
Diámetro: 33 cm
Material de fabricación: Plástico inyectado, libre de BPA y Melamina.
Número y tipo de ampolletas que usa : E27 máx 60Watts (equivalente a 100Watts en ahorro energía)
Garantía válida sólo por defectos en los materiales de fabricación
Origen 100% Alemana

*En caso de dudas con respecto a la instalación o consultas técnicas, llamar al (56+2) 2206 4552 o escriba a info@luzco.cl",61869
7802412459321,LÁMPARA DE MESA ORION ROSADO KOZIOL,"Lámpara de Mesa Orion Rosado Koziol

Lo mejor en iluminación Alemana ha llegado a Paris, con estas hermosas lámparas, especiales para darle un diseño único a tu hogar. ¡Aprovecha estas lámparas y decora con lo mejor en decoración!

Características

Modelo : Orion T PI/PI.TR
Altura Total :33 cm
Diámetro : 33 cm
Material de fabricación de partes y piezas : Plástico inyectado, libre de BPA y Melamina.
Número y tipo de ampolletas que usa : E27 máx 60Watts (equivalente a 100Watts en ahorro energía)
Garantía válida sólo por defectos en los materiales de fabricación
Origen 100% Alemana

*En caso de dudas con respecto a la instalación o consultas técnicas, llamar al (56+2) 2206 4552 o escriba a info@luzco.cl",53771
7802819605420,LÁMPARA DE PIE BROWN SUGAR EGLO,"Lámpara de Pie Brown Sugar Eglo

Eglo, reconocida empresa Austriaca con más de 70 sucursales alrededor del mundo, llega a Paris.cl con estas increíbles y sofisticadas lámparas que le darán una nueva personalidad a tu hogar. De líneas simples y minimalistas especiales para decorar cualquier espacio de tu casa, estas lámparas están hechas bajo los más altos estándares de calidad y además cuentan con 1 año de garantía.

Características destacadas

Marca: Eglo.
Modelo: Brown Sugar.
Material: Acero, cristal frotado.
Diseño: Niquel mate.
Dimensiones
Altura: 115,3 cm.
Diámetro: 20 cm.
Número de ampolletas: 1x100W E27.",73249
7802871717666,LÁMPARA DE CIELO BATISTA EGLO,"Notas del producto

Garantía de 1 año.

¿Necesitas más información de este producto?
Llámanos al 600 400 8000 o Ingresa tu número aquí para contactarte .

Ficha Técnica
Marca Eglo
Color/Diseño Niquel mate.
Garantía 1 año.
Dimensiones Altura: 110 cm. Diámetro: 32,5 cm.
Material Aluminio, cristal frotado blanco.
Comentarios
ESCRIBE UN COMENTARIO
Despacho
Calcula el costo de despacho,tamaño del producto:
Producto disponible en las siguientes tiendas:
Los precios y promociones publicados en www.paris.cl y Fono Compras Paris son válidos solamente para estos canales de venta.
La disponibilidad de los productos en nuestras tiendas es información referencial. No podemos asegurar stock al momento de tu visita.

Cambios y Devoluciones
¿No quedaste conforme con tu compra?

Realizar una devolución es muy simple! Puedes solicitar el cambio dentro de los 10 primeros días después de tu compra en cualquiera de nuestras Tiendas a lo largo del país, presentando tu boleta y tu producto. Si no tienes un Paris cerca, no hay problema, podrás comunicarte con nuestro a Servicio al Cliente al 600 400 8000 o desde celulares al (02) 264 022 86 para retirar el producto desde tu casa sin pagar el costo del retiro.

Recuerda que los productos no pueden haber sido probados y/o usados, deben tener su embalaje original completo y todos sus accesorios, manuales y folletos. Es por esto que cuando abras el producto, hazlo con cuidado para no romper sellos, gráficas de caja, bolsas y plumavit.

¡Solucionar una falla técnica de tu producto también es fácil! Comunícate directamente con el Servicio Técnico de la marca, acércate a cualquiera de nuestras Tiendas, llámanos al 600 400 8000 o desde celulares al (02) 264 022 86. También puedes escribirnos vía Twitter a @tiendas_paris para solicitar la reparación.

Importante
Debes saber que solo se devolverá el costo del despacho si solicitas tu derecho al retracto por expectativas dentro de los 10 primeros días de haber recibido.

TAMBIÉN TE RECOMENDAMOS",43207
7802896078384,LAMPARA INFANTIL LUMINOPET LUMINOSO,"Lámpara infantil

Luminopets son lindas mascotas que ayudarán a tu hijo a que se sienta seguro a la hora de dormir. Si aprietas su manito izquierda su barriga se ilumina con una luz suave que va cambiando con los colores del arcoiris para que alcanzar un sueño tranquilo y sereno.<b>Producto NO a elección</b>",36788
7802941555419,MICA LÁMPARA LED VELADOR,"Lámpara Mesa
Marca: Mica
Modelo: Led
Color: Negro
Ancho: 42 cm
Base: 17 cm
Incluye de Regalo ampolleta led 5 w bajo consumo",31154
7803350771933,LAMPARA DE LAVA VOX,"Lámpara de Lava

Lámpara de lava 1030, de 40 cms.El interior es de cera amarilla y líquido azul, logrará un efecto espectacular. Esta lámpara es muy decorativa, ideal para integrar a todos tus espacios.

Lámpara de lava 1030, de 40 cms.El interior es de cera amarilla y líquido azul, logrará un efecto espectacular. Esta lámpara es muy decorativa, ideal para integrar a todos tus espacios.",34813
7803441875823,LÁMPARA DE MESA ORION NARANJO KOZIOL,"Lámpara de Mesa Orion Naranjo Koziol

Lo mejor en iluminación Alemana ha llegado a Paris, con estas hermosas lámparas, especiales para darle un diseño único a tu hogar. ¡Aprovecha estas lámparas y decora con lo mejor en decoración!

Características destacadas

Modelo :Orion T O/O.TR
Altura Total :33 cm
Diámetro : 33 cm
Material de fabricación de partes y piezas : Plástico inyectado, libre de BPA y Melamina.
Número y tipo de ampolletas que usa : E27 máx 60Watts (equivalente a 100Watts en ahorro energía)
Garantía válida sólo por defectos en los materiales de fabricación
Origen 100% Alemana

*En caso de dudas con respecto a la instalación o consultas técnicas, llamar al (56+2) 2206 4552 o escriba a info@luzco.cl",48034
7803606809144,BASEMENT HOME LÁMPARA SOBREMESA FLEXIBLE PARAGON,"Lámpara Sobremesa
Marca: Basement Home
Modelo: Paragon
Color: Gris
Material: Acero Níquel
Tamaño: 31 cm
Ampolleta Led 7 Watts",70159
7803921254094,MICA LÁMPARA 3 LUCES LÁGRIMAS NEGRA,"Lámpara de Colgar
Marca: Mica
Modelo: Lágrimas
Color: Negro
Ancho: 45 cm
Alto: 55 cm",60393
7803996699585,LÁMPARA DE CIELO JOSEPHINE M BLANCO,"Lámpara de cielo Josephine M Blanco

Lo mejor en iluminación Alemana ha llegado a Paris, con estas hermosas lámparas, especiales para darle un diseño único a tu hogar. ¡Aprovecha estas lámparas y decora con lo mejor en decoración!

Características

Model: Josephine M P W.
Color: Blanco
Altura Total: 35 cm+ largo cable máx 150 cm
Diámetro: 31,3 cm
Material de fabricación de partes y piezas : Plástico inyectado, libre de BPA y Melamina.
Número y tipo de ampolletas que usa :E27 máx 60Watts (equivalente a 100Watts en ahorro energía)
Garantía válida sólo por defectos en los materiales de fabricación
Origen 100% Alemana",76709
7804405384702,LÁMPARA DE MESA PINTO NERO EGLO,"Lámpara de Mesa Pinto Nero Eglo

Eglo, reconocida empresa Austriaca con más de 70 sucursales alrededor del mundo, llega a Paris.cl con estas increíbles y sofisticadas lámparas que le darán una nueva personalidad a tu hogar. De líneas simples y minimalistas especiales para decorar cualquier espacio de tu casa, estas lámparas están hechas bajo los más altos estándares de calidad y además cuentan con 1 año de garantía.

Características destacadas

Marca: Eglo.
Modelo: Pinto Nero.
Material: Acero, cristal transparente.
Diseño: Niquel mate.
Dimensiones
Altura: 50 cm.
Diámetro: 11,5 cm.
Número de ampolletas: 1x60W E27.",70444
7804556874572,BASEMENT HOME LÁMPARA DE PIE 2 LUCES ARGUS,"Lámpara Pie
Modelo: Lámpara Pie Argus 2
Marca: Diseño 3
Alto: 170 cm
Ancho: 52 cm
Profundidad: 52 cm
Material: Acero Cromado
Color: Cromo
Estilo: Moderno",81859
7804565733907,LÁMPARA DE MESA NIZZA EGLO,"Lámpara de Mesa Nizza Eglo

Eglo, reconocida empresa Austriaca con más de 70 sucursales alrededor del mundo, llega a Paris.cl con estas increíbles y sofisticadas lámparas que le darán una nueva personalidad a tu hogar. De líneas simples y minimalistas especiales para decorar cualquier espacio de tu casa, estas lámparas están hechas bajo los más altos estándares de calidad y además cuentan con 1 año de garantía.

Características destacadas

Marca: Eglo.
Modelo: Nizza.
Material: Acero, cristal frotado.
Diseño: Niquel mate.
Dimensiones
Altura: 32 cm.
Diámetro: 10,5 cm.
Número de ampolletas: 1x60W E14.",31395
7804693691131,MICA LÁMPARA 3 LUCES LÁGRIMAS ROJA,"Lámpara de Colgar
Marca: Mica
Modelo: Lágrimas
Color: Rojo
Ancho: 45 cm
Alto: 55 cm",56747
7804788222905,BASEMENT HOME LÁMPARA ARTICULADA PI,"Lámpara Pie
Modelo: Lámpara Articulada Pie
Marca: Diseño 3
Alto: 158 cm
Ancho: 22 cm
Profundidad: 63 cm
Material: Cromo-Eco cuero
Color: Cromo
Estilo: Moderno",117094
7804907236110,LÁMPARA DE PIE TUBE EGLO,"Lámpara de Pie Tube Eglo

Eglo, reconocida empresa Austriaca con más de 70 sucursales alrededor del mundo, llega a Paris.cl con estas increíbles y sofisticadas lámparas que le darán una nueva personalidad a tu hogar. De líneas simples y minimalistas especiales para decorar cualquier espacio de tu casa, estas lámparas están hechas bajo los más altos estándares de calidad y además cuentan con 1 año de garantía.

Características destacadas

Marca: Eglo.
Modelo: Tube.
Material: Aluminio.
Diseño: Aluminio Cepillado.
Dimensiones
Altura: 117 cm.
Diámetro: 15 cm.
Número de ampolletas: 2x60W E27.",78008
7805028956048,LÁMPARA DE CIELO 3 LUCES TROY EGLO,"Lámpara de Cielo 3 luces Troy Eglo

Eglo, reconocida empresa Austriaca con más de 70 sucursales alrededor del mundo, llega a Paris.cl con estas increíbles y sofisticadas lámparas que le darán una nueva personalidad a tu hogar. De líneas simples y minimalistas especiales para decorar cualquier espacio de tu casa, estas lámparas están hechas bajo los más altos estándares de calidad y además cuentan con 1 año de garantía.

Características destacadas

Marca: Eglo.
Modelo: Troy.
Material: Acero, cristal satinado.
Diseño: Niquel mate.
Dimensiones
Altura: 110 cm.
Largo: 72 cm.
Ancho: 10,5 cm.
Número de ampolletas: 3x60W E27.",76924
7805052680827,LAMPARA ESCRITORIO VOX,"Lámpara escritorio

Lámpara con diseño único de color amarillo y verde. Será perfecta para integrarla a tus espacios y darle un aire distinto, su color alegrará tus habitaciones.

Lámpara con diseño único de color amarillo y verde. Será perfecta para integrarla a tus espacios y darle un aire distinto, su color alegrará tus habitaciones.",16262
7805111853308,LÁMPARA DE MESA GLOSSY EGLO,"Lámpara de Mesa Glossy Eglo

Eglo, reconocida empresa Austriaca con más de 70 sucursales alrededor del mundo, llega a Paris.cl con estas increíbles y sofisticadas lámparas que le darán una nueva personalidad a tu hogar. De líneas simples y minimalistas especiales para decorar cualquier espacio de tu casa, estas lámparas están hechas bajo los más altos estándares de calidad y además cuentan con 1 año de garantía.

Características destacadas

Marca: Eglo.
Modelo: Glossy.
Material: Aluminio, cristal oxidado.
Diseño: Cromado.
Dimensiones
Altura: 41 cm.
Longitud: 32,5 cm.
Número de ampolletas: LED 1x2,38W.",58835
7805367674474,MICA LÁMPARA PIE LED,"Lámpara de Pie
Marca: Mica
Modelo: Lectura
Color: Blanco
Ancho: 120 cm
Base: 26 cm
Peso base: 5 Kg
Incluye ampolleta Led",41005
7805671225140,LÁMPARA DE CIELO REED NEGRO KOZIOL,"Lámpara de Cielo Reed Negro Koziol

Lo mejor en iluminación Alemana ha llegado a Paris, con estas hermosas lámparas, especiales para darle un diseño único a tu hoga, darle claridad a tus ambientes. ¡Aprovecha esta oportunidad y decora con lo exclusivo que trae Deco hogar Paris!

Características

Modelo: Reed P O. TR.
Altura: 27 cm+ largo cable máx 150 cm
Diámetro: 44 cm
Material de fabricación: Plástico inyectado, libre de BPA y Melamina.
Número y tipo de ampolletas que usa: E27 máx 60Watts (equivalente a 100Watts en ahorro energía)
Garantía válida sólo por defectos en los materiales de fabricación
Origen 100% Alemana

*En caso de dudas con respecto a la instalación o consultas técnicas, llamar al (56+2) 2206 4552 o escriba a info@luzco.cl",66408
7805683368279,LÁMPARA DE CIELO SENDO EGLO,"Lámpara de Techo Sendo Eglo

Eglo, reconocida empresa Austriaca con más de 70 sucursales alrededor del mundo, llega a Paris.cl con estas increíbles y sofisticadas lámparas que le darán una nueva personalidad a tu hogar. De líneas simples y minimalistas especiales para decorar cualquier espacio de tu casa, estas lámparas están hechas bajo los más altos estándares de calidad y además cuentan con 1 año de garantía.

Características destacadas

Marca: Eglo.
Modelo: Sendo.
Material: Aluminio.
Diseño: Aluminio.
Dimensiones
Altura: 110 cm.
Diámetro: 23 cm.
Número de ampolletas: 1x100W E27.",37498
7805971729898,LÁMPARA DE CIELO TROY EGLO,"Lámpara de Cielo Troy Eglo

Eglo, reconocida empresa Austriaca con más de 70 sucursales alrededor del mundo, llega a Paris.cl con estas increíbles y sofisticadas lámparas que le darán una nueva personalidad a tu hogar. De líneas simples y minimalistas especiales para decorar cualquier espacio de tu casa, estas lámparas están hechas bajo los más altos estándares de calidad y además cuentan con 1 año de garantía.

Características destacadas

Marca: Eglo.
Modelo: Troy.
Material: Acero, cristal satinado.
Diseño: Niquel mate.
Dimensiones
Altura: 110 cm.
Diámetro: 10,5 cm.
Número de ampolletas: 1x60W E27.",30132
7806069081669,LÁMPARA DE MESA MOOD ROJO KOZIOL,"Lámpara de Mesa Mood Rojo Koziol

Lo mejor en iluminación Alemana ha llegado a Paris, con estas hermosas lámparas, especiales para darle un diseño único a tu hoga, darle claridad a tus ambientes. ¡Aprovecha esta oportunidad y decora con lo exclusivo que trae Deco hogar Paris!

Características

Modelo: Mood T O.
Color: Naranjo Translúcido
Material de fabricación de partes y piezas Plástico inyectado, libre de BPA y Melamina.
Número y tipo de ampolletas que usa E14 máx 40Watts (equivalente a 60Watts en ahorro energía)
Garantía válida sólo por defectos en los materiales de fabricación
Origen 100% Alemana

*En caso de dudas con respecto a la instalación o consultas técnicas, llamar al (56+2) 2206 4552 o escriba a info@luzco.cl",30700
7806319473176,LAMPARA DE PISO VOX,"Lámpara Piso New York

Lámpara de piso con estructura de metal e increible diseño de la ciudad de Nueva York en la pantalla. Será idea para integrar en todos tus ambientes.

Lámpara de piso con estructura de metal e increible diseño de la ciudad de Nueva York en la pantalla. Será idea para integrar en todos tus ambientes.",62833
7806322682558,LAMPARA AMPOLLETA VOX,"Lámpara escritorio

Lámpara con diseño único y divertido de ampolleta, color blanco. Será perfecta para integrarla a tus espacios y darle un aire distinto y con onda.

Lámpara con diseño único y divertido de ampolleta, color blanco. Será perfecta para integrarla a tus espacios y darle un aire distinto y con onda.",25706
7806396185610,LAMPARA DE LAVA VOX,"Lámpara de Lava

Lámpara de lava de color rosada, posee base electropintada también rosada, el líquido interior es transparente. Esta lámpara será perfecta para decorar e integrar a todos tus ambientes.

Lámpara de lava de color rosada, posee base electropintada también rosada, el líquido interior es transparente. Esta lámpara será perfecta para decorar e integrar a todos tus ambientes.",30653
7806482442269,LÁMPARA DE CIELO 3 LUCES TANGA 1 EGLO,"Lámpara de Cielo 3 luces Tanga 1 Eglo

Eglo, reconocida empresa Austriaca con más de 70 sucursales alrededor del mundo, llega a Paris.cl con estas increíbles y sofisticadas lámparas que le darán una nueva personalidad a tu hogar. De líneas simples y minimalistas especiales para decorar cualquier espacio de tu casa, estas lámparas están hechas bajo los más altos estándares de calidad y además cuentan con 1 año de garantía.

Características destacadas

Marca: Eglo.
Modelo: Tanga 1.
Material: Acero, cristal tansparente.
Diseño: Niquel mate.
Dimensiones
Altura: 110 cm.
Largo: 46,5 cm.
Ancho: 7 cm.
Número de ampolletas: 3x40W G9.",135946
7806533722043,LAMPARA DE PISO VOX,"Lámpara Piso

Lámpara de piso con forma tubular, posee un diseño con decoraciones de material símil lentejuelas de color plateadas. Ideal para integrar a tus ambientes y darle estilo a los espacios.

Lámpara de piso con forma tubular, posee un diseño con decoraciones de material símil lentejuelas de color plateadas. Ideal para integrar a tus ambientes y darle estilo a los espacios.",158990
7806757448835,LAMPARA DE PISO VOX,"Lámpara Piso

Lampara de piso de un 1,58 cms de alto. Posee pedestal de metal y pantalla de plástico. Ideal para integrar a tus ambientes para entregar estilo y diseño.

Lampara de piso de un 1,58 cms de alto. Posee pedestal de metal y pantalla de plástico. Ideal para integrar a tus ambientes para entregar estilo y diseño.",88351
7806855300257,BASEMENT HOME LÁMPARA PIE FLEXIME PARAGON LED,"Lámpara Pie
Marca: Basement Home
Modelo: Paragon
Color: Gris
Material: Acero Níquel
Tamaño: 150 cm
Ampolleta Led 7 Watts",111136
7807134307899,LÁMPARA DE CIELO BROWN SUGAR EGLO,"Lámpara de Cielo Brown Sugar Eglo

Eglo, reconocida empresa Austriaca con más de 70 sucursales alrededor del mundo, llega a Paris.cl con estas increíbles y sofisticadas lámparas que le darán una nueva personalidad a tu hogar. De líneas simples y minimalistas especiales para decorar cualquier espacio de tu casa, estas lámparas están hechas bajo los más altos estándares de calidad y además cuentan con 1 año de garantía.

Características destacadas

Marca: Eglo.
Modelo: Brown sugar.
Material: Acero, cristal frotado marrón.
Diseño: Niquel mate.
Dimensiones
Altura: 110 cm.
Diámetro: 10,5 cm.
Número de ampolletas: 1x60W E27.",39128
7807153985740,LÁMPARA DE CIELO 3 LUCES ALMERA EGLO,"Lámpara de Cielo 3 luces Almera Eglo

Eglo, reconocida empresa Austriaca con más de 70 sucursales alrededor del mundo, llega a Paris.cl con estas increíbles y sofisticadas lámparas que le darán una nueva personalidad a tu hogar. De líneas simples y minimalistas especiales para decorar cualquier espacio de tu casa, estas lámparas están hechas bajo los más altos estándares de calidad y además cuentan con 1 año de garantía.

Características destacadas

Marca: Eglo.
Modelo: Almera.
Material: Acero, cristal pintado.
Diseño: Niquel mate.
Dimensiones
Altura: 110 cm.
Longitud: 51,5 cm.
Número de ampolletas: 3x40W E14.",131012
7807275218436,LÁMPARA DE CIELO 3 LUCES BROWN SUGAR EGLO,"Lámpara de Cielo 3 luces Brown Sugar Eglo

Eglo, reconocida empresa Austriaca con más de 70 sucursales alrededor del mundo, llega a Paris.cl con estas increíbles y sofisticadas lámparas que le darán una nueva personalidad a tu hogar. De líneas simples y minimalistas especiales para decorar cualquier espacio de tu casa, estas lámparas están hechas bajo los más altos estándares de calidad y además cuentan con 1 año de garantía.

Características destacadas

Marca: Eglo.
Modelo: Brown Sugar.
Material: Acero, cristal transparente satinado.
Diseño: Cromado.
Dimensiones
Altura: 110 cm.
Longitud: 45,5 cm.
Número de ampolletas: 3x40W G9.",156992
7807291472423,MICA LÁMPARA PIE LED CROMADA,"Lámpara de pie
Marca: Mica
Modelo: Julio
Alto: 180 cm
Base: 26 cm
Color: Cromado
Peso: 5 Kg
Diámetro Tubo: 1/2""
Incluye de Regalo ampolleta Led 5 w bajo consumo",61934
7807461895496,LÁMPARA DE MESA AMADORA EGLO,"Lámpara de Mesa Amadora Eglo

Eglo, reconocida empresa Austriaca con más de 70 sucursales alrededor del mundo, llega a Paris.cl con estas increíbles y sofisticadas lámparas que le darán una nueva personalidad a tu hogar. De líneas simples y minimalistas especiales para decorar cualquier espacio de tu casa, estas lámparas están hechas bajo los más altos estándares de calidad y además cuentan con 1 año de garantía.

Características destacadas

Marca: Eglo.
Modelo: Amadora.
Material: Acero, cristal impreso.
Diseño: Niquel mate.
Dimensiones
Altura: 46 cm.
Diámetro: 10,5 cm.
Número de ampolletas: 1x100W E27.",36014
7807590424338,BASEMENT HOME LÁMPARA DE VELADOR ELE,"Lámpara de Velador
Modelo: Ele de velador
Marca: Diseño 3
Alto: 53 cm
Ancho: 16 cm
Profundidad: 23 cm
Material: Acero Cromado
Color: Cromo
Estilo: Moderno",28303
7807620078746,MICA LÁMPARA PIE LED NEGRA,"Lámpara de pie
Marca: Mica
Modelo: Julio
Alto: 180 cm
Base: 26 cm
Color: Negro
Peso: 5 Kg
Diámetro Tubo: 1/2""
Incluye de Regalo ampolleta led 5 w bajo consumo",64837
7807682660743,LÁMPARA DE MESA ORION NEGRO KOZIOL,"Lámpara de Mesa Orion Negro Koziol
Características

Modelo: Orion T B/TR
Color: Negro Transparente
Altura Total: 33 cm
Diámetro: 33 cm
Material de fabricación: Plástico inyectado, libre de BPA y Melamina.
Número y tipo de ampolletas que usa : E27 máx 60Watts (equivalente a 100Watts en ahorro energía)
Origen: 100% Alemana

*En caso de dudas con respecto a la instalación o consultas técnicas, llamar al (56+2) 2206 4552 o escriba a info@luzco.cl",53370
7807950399283,MICA LAMPARA PIE LED CROMADA,"Lámpara de Pie
Marca: Mica
Modelo: Lectura
Color: Cromado
Ancho: 120 cm
Base: 26 cm
Peso base: 5 Kg
Incluye ampolleta Led",52812
7808007383019,LAMPARA DE GLITTER VOX,"Lámpara de Glitter

Lámpara de glitter rosada, con base electropintada del mismo color, mide 25 cms de altura.Esta lámpara será perfecta para decorar e integrar a todos tus ambientes.

Lámpara de glitter rosada, con base electropintada del mismo color, mide 25 cms de altura.Esta lámpara será perfecta para decorar e integrar a todos tus ambientes.",27123
7808076181585,LÁMPARA DE MESA PYTON EGLO,"Lámpara de Mesa Pyton Eglo

Eglo, reconocida empresa Austriaca con más de 70 sucursales alrededor del mundo, llega a Paris.cl con estas increíbles y sofisticadas lámparas que le darán una nueva personalidad a tu hogar. De líneas simples y minimalistas especiales para decorar cualquier espacio de tu casa, estas lámparas están hechas bajo los más altos estándares de calidad y además cuentan con 1 año de garantía.

Características destacadas

Marca: Eglo.
Modelo: Tube.
Material: Acero, cristal transprente.
Diseño: Cromado.
Dimensiones
Altura: 36 cm.
Ancho base: 9,5 cm.
Número de ampolletas: 1x33W G9.",59768
7808214271161,LÁMPARA DE CIELO REED ROJO KOZIOL,"Lámpara de Cielo Reed Rojo Koziol

Lo mejor en iluminación Alemana ha llegado a Paris, con estas hermosas lámparas, especiales para darle un diseño único a tu hoga, darle claridad a tus ambientes. ¡Aprovecha esta oportunidad y decora con lo exclusivo que trae Deco hogar Paris!

Características

Modelo: Reed P O. TR.
Altura: 27 cm+ largo cable máx 150 cm
Diámetro: 44 cm
Material de fabricación: Plástico inyectado, libre de BPA y Melamina.
Número y tipo de ampolletas que usa: E27 máx 60Watts (equivalente a 100Watts en ahorro energía)
Garantía válida sólo por defectos en los materiales de fabricación
Origen 100% Alemana

*En caso de dudas con respecto a la instalación o consultas técnicas, llamar al (56+2) 2206 4552 o escriba a info@luzco.cl",59077
7808299775653,LAMPARA ESCRITORIO VOX,"Lámpara escritorio

Lámpara con diseño único de color blanco. Será perfecta para integrarla a tus espacios y darle un aire distinto, su color te inspirará pureza.

Lámpara con diseño único de color blanco. Será perfecta para integrarla a tus espacios y darle un aire distinto, su color te inspirará pureza.",15150
7808429910145,LÁMPARA DE CIELO TANGA EGLO,"Lámpara de techo Tanga Eglo

Eglo, reconocida empresa Austriaca con más de 70 sucursales alrededor del mundo, llega a Paris.cl con estas increíbles y sofisticadas lámparas que le darán una nueva personalidad a tu hogar. De líneas simples y minimalistas especiales para decorar cualquier espacio de tu casa, estas lámparas están hechas bajo los más altos estándares de calidad y además cuentan con 1 año de garantía.

Características destacadas

Marca: Eglo.
Modelo: Tanga.
Material: Acero, cristal transparente satinado.
Diseño: Cromado.
Dimensiones
Altura: 110 cm.
Longitud: 55 cm.
Número de ampolletas: 1x40W G9.",36411
7808600171815,BASEMENT HOME LÁMPARA DE PIE ELE,"Lámpara Pie Ele
Modelo: Lámpara de pie con aplicación de eco cuero
Marca: Diseño 3
Alto: 159 cm
Ancho: 30 cm
Profundidad: 48 cm
Material: Acero Cromado
Color: Cromo
Estilo: Moderno",81855
7808638258700,BASEMENT HOME LÁMPARA SOBREMESA CON TUBO PARAGON LED,"Lámpara Sobremesa
Marca: Basement Home
Modelo: Paragon
Material: Acero Níquel
Tamaño: 31 cm
Color: Gris
Ampolleta Led 7 Watts",74251
7808693945577,LÁMPARA DE PIE AMADORA EGLO,"Lámpara de Pie Amadora Eglo

Eglo, reconocida empresa Austriaca con más de 70 sucursales alrededor del mundo, llega a Paris.cl con estas increíbles y sofisticadas lámparas que le darán una nueva personalidad a tu hogar. De líneas simples y minimalistas especiales para decorar cualquier espacio de tu casa, estas lámparas están hechas bajo los más altos estándares de calidad y además cuentan con 1 año de garantía.

Características destacadas

Marca: Eglo.
Modelo: Amadora.
Material: Acero, cristal impreso blanco.
Diseño: Niquel mate.
Dimensiones
Altura: 153 cm.
Diámetro: 20 cm.
Número de ampolletas: 1x100W E27.",78194
7808817111604,LÁMPARA DE CIELO KAMEO EGLO,"Lámpara de Cielo Kameo Eglo

Eglo, reconocida empresa Austriaca con más de 70 sucursales alrededor del mundo, llega a Paris.cl con estas increíbles y sofisticadas lámparas que le darán una nueva personalidad a tu hogar. De líneas simples y minimalistas especiales para decorar cualquier espacio de tu casa, estas lámparas están hechas bajo los más altos estándares de calidad y además cuentan con 1 año de garantía.

Características destacadas

Marca: Eglo.
Modelo: Kameo.
Material: Acero, cristal frotado.
Diseño: Niquel mate.
Dimensiones
Altura: 110 cm.
Diámetro: 9 cm.
Número de ampolletas: 1x60W E14.",43920
7808887314158,LAMPARA DE LAVA VOX,"Lámpara de Lava

Lámpara de lava, de 52 cms de altura.El interior es de cera roja y el líquido es azul, logrará un efecto espectacular. Esta lámpara es muy decorativa, ideal para integrar a todos tus espacios.

Lámpara de lava, de 52 cms de altura.El interior es de cera roja y el líquido es azul, logrará un efecto espectacular. Esta lámpara es muy decorativa, ideal para integrar a todos tus espacios.",34432
7808890002172,LÁMPARA DE CIELO STELLA M MORADO KOZIOL,"Lámpara de Cielo Stella M Morado Koziol

Lo mejor en iluminación Alemana ha llegado a Paris, con estas hermosas lámparas, especiales para darle un diseño único a tu hoga, darle claridad a tus ambientes. ¡Aprovecha esta oportunidad y decora con lo exclusivo que trae Deco hogar Paris!

Características

Modelo: Stella M P R.
Altura :23,6 cm+ largo cable máx 150 cm
Diámetro: 43,5 cm
Material de fabricación de partes y piezas Plástico inyectado, libre de BPA y Melamina.
Número y tipo de ampolletas que usa E27 máx 42 Watts (equivalente a 100 Watts en ahorro energía)
Garantía válida sólo por defectos en los materiales de fabricación
Origen 100% Alemana

*En caso de dudas con respecto a la instalación o consultas técnicas, llamar al (56+2) 2206 4552 o escriba a info@luzco.cl",68671
7808901646715,LÁMPARA DE MESA ORION VERDE KOZIOL,"Lámpara de Mesa Orion Verde Koziol

Lo mejor en iluminación Alemana ha llegado a Paris, con estas hermosas lámparas, especiales para darle un diseño único a tu hogar. ¡Aprovecha estas lámparas y decora con lo mejor en decoración!

Características destacadas

Modelo: Orion T MU/GR.TR
Color: Verde Transparente
Altura Total: 33 cm
Diámetro: 33 cm
Material de fabricación: Plástico inyectado, libre de BPA y Melamina.
Número y tipo de ampolletas que usa: E27 máx 60Watts (equivalente a 100Watts en ahorro energía)
Origen: 100% Alemana

*En caso de dudas con respecto a la instalación o consultas técnicas, llamar al (56+2) 2206 4552 o escriba a info@luzco.cl",61903
7808924033936,LÁMPARA DE CIELO AMADORA EGLO,"Lámpara de Cielo Amadora Eglo

Eglo, reconocida empresa Austriaca con más de 70 sucursales alrededor del mundo, llega a Paris.cl con estas increíbles y sofisticadas lámparas que le darán una nueva personalidad a tu hogar. De líneas simples y minimalistas especiales para decorar cualquier espacio de tu casa, estas lámparas están hechas bajo los más altos estándares de calidad y además cuentan con 1 año de garantía.

Características destacadas

Marca: Eglo.
Modelo: Amadora.
Material: Acero, cristal impreso blanco.
Diseño: Niquel mate.
Dimensiones
Altura: 110 cm.
Diámetro: 10,5 cm.
Número de ampolletas: 1x60W E27",33389
7808983698589,BASEMENT HOME LÁMPARA SOBREMESA 2 LUCES ARGUS,"Lámpara Sobremesa Argus
Modelo: Lámpara Articulada Sobremesa 2 luces Argus
Marca: Diseño 3
Alto: 77 cm
Ancho: 39 cm
Profundidad: 39 cm
Material: Acero Cromado
Color: Cromo
Estilo: Moderno",57399
7809391323476,BASEMENT HOME LÁMPARA DE SOBREMESA FLEXIBLE PINZAS LED,"Lámpara de Sobremesa Flexible Pinzas Led Paragon 5 watts
Modelo: Lámpara de Sobremesa Flexible Pinzas Led
Marca: Basement Home
Alto: 31 cm
Material: Acero Níquel
Color: Cromado
Estilo: Moderno",42573
7809488107040,LÁMPARA DE MESA MOOD NARANJO KOZIOL,"Lámpara de Mesa Mood Naranjo Koziol

Lo mejor en iluminación Alemana ha llegado a Paris, con estas hermosas lámparas, especiales para darle un diseño único a tu hoga, darle claridad a tus ambientes. ¡Aprovecha esta oportunidad y decora con lo exclusivo que trae Deco hogar Paris!

Características

Modelo: Mood T O.
Color: Naranjo Translúcido
Material de fabricación de partes y piezas Plástico inyectado, libre de BPA y Melamina.
Número y tipo de ampolletas que usa E14 máx 40Watts (equivalente a 60Watts en ahorro energía)
Garantía válida sólo por defectos en los materiales de fabricación
Origen 100% Alemana

*En caso de dudas con respecto a la instalación o consultas técnicas, llamar al (56+2) 2206 4552 o escriba a info@luzco.cl",32872
7809679563761,BASEMENT HOME LÁMPARA SOBRE MESA TRIPODE LINO,"Lámsobre mesa
Marca: Basement Home
Modelo: Tripode
Estilo: Moderno
Material estructura: Metal
Funciona con ampolleta
Color: Blanco/Negro",50096
7809798479790,LÁMPARA DE CIELO TANGA 1 EGLO,"Lámpara de Cielo Tanga 1 Eglo

Eglo, reconocida empresa Austriaca con más de 70 sucursales alrededor del mundo, llega a Paris.cl con estas increíbles y sofisticadas lámparas que le darán una nueva personalidad a tu hogar. De líneas simples y minimalistas especiales para decorar cualquier espacio de tu casa, estas lámparas están hechas bajo los más altos estándares de calidad y además cuentan con 1 año de garantía.

Características destacadas

Marca: Eglo.
Modelo: Tanga 1.
Material: Acero, cristal transparente.
Diseño: Niquel mate.
Dimensiones
Altura: 110 cm.
Largo: 5,5 cm.
Ancho: 5,5 cm.
Número de ampolletas: 1x40W G9.",37942
7809949055835,LÁMPARA DE CIELO 3 LUCES AMADORA EGLO,"Lámpara de Cielo 3 luces Amadora Eglo

Eglo, reconocida empresa Austriaca con más de 70 sucursales alrededor del mundo, llega a Paris.cl con estas increíbles y sofisticadas lámparas que le darán una nueva personalidad a tu hogar. De líneas simples y minimalistas especiales para decorar cualquier espacio de tu casa, estas lámparas están hechas bajo los más altos estándares de calidad y además cuentan con 1 año de garantía.

Características destacadas

Marca: Eglo.
Modelo: Amadora.
Material: Acero, cristal impreso blanco.
Diseño: Niquel mate.
Dimensiones
Altura: 110 cm.
Longitud: 72 cm.
Número de ampolletas: 3x60W E27.",105192